student_id,avg_grade,avg_attendance,avg_activity,project_rate,rating,name,group
8,0.0,0.0,0.0,0.0,0.0,Федоров Сергей,A-102
4,9.105960264900661,13.345195729537366,3.554868624420402,0.0,7.689656763228687,Козлов Андрей,A-101
18,30.132450331125828,30.2491103202847,29.675425038639876,12.5,27.425342720249482,Сергеев Андрей,B-101
12,32.450331125827816,33.80782918149466,32.45749613601237,12.5,29.798588972907268,Смирнов Павел,A-103
